ColorName,NumOfColors,Type,CritVal,ColorNum,ColorLetter,C,M,Y,K,SchemeType
Accent,3,qual,,1,A,50,0,50,0,Qualitative
,,,,2,B,25,25,0,0,
,,,,3,C,0,25,40,0,
Accent,4,qual,,1,A,50,0,50,0,
,,,,2,B,25,25,0,0,
,,,,3,C,0,25,40,0,
,,,,4,D,0,0,40,0,
Accent,5,qual,,1,A,50,0,50,0,
,,,,2,B,25,25,0,0,
,,,,3,C,0,25,40,0,
,,,,4,D,0,0,40,0,
,,,,5,E,80,40,0,0,
Accent,6,qual,,1,A,50,0,50,0,
,,,,2,B,25,25,0,0,
,,,,3,C,0,25,40,0,
,,,,4,D,0,0,40,0,
,,,,5,E,80,40,0,0,
,,,,6,F,0,100,0,0,
Accent,7,qual,,1,A,50,0,50,0,
,,,,2,B,25,25,0,0,
,,,,3,C,0,25,40,0,
,,,,4,D,0,0,40,0,
,,,,5,E,80,40,0,0,
,,,,6,F,0,100,0,0,
,,,,7,G,25,60,90,0,
Accent,8,qual,,1,A,50,0,50,0,
,,,,2,B,25,25,0,0,
,,,,3,C,0,25,40,0,
,,,,4,D,0,0,40,0,
,,,,5,E,80,40,0,0,
,,,,6,F,0,100,0,0,
,,,,7,G,25,60,90,0,
,,,,8,H,0,0,0,60,
Blues,3,seq,,1,C,13,3,0,0,Sequential
,,,,2,F,38,8,0,0,
,,,,3,I,82,27,0,0,
Blues,4,seq,,1,B,8,2,0,0,
,,,,2,E,28,7,0,0,
,,,,3,G,57,14,0,0,
,,,,4,J,90,34,0,0,
Blues,5,seq,,1,B,8,2,0,0,
,,,,2,E,28,7,0,0,
,,,,3,G,57,14,0,0,
,,,,4,I,82,27,0,0,
,,,,5,K,100,45,0,7,
Blues,6,seq,,1,B,8,2,0,0,
,,,,2,D,24,6,0,0,
,,,,3,F,38,8,0,0,
,,,,4,G,57,14,0,0,
,,,,5,I,82,27,0,0,
,,,,6,K,100,45,0,7,
Blues,7,seq,,1,B,8,2,0,0,
,,,,2,D,24,6,0,0,
,,,,3,F,38,8,0,0,
,,,,4,G,57,14,0,0,
,,,,5,H,75,22,0,0,
,,,,6,J,90,34,0,0,
,,,,7,L,100,55,0,5,
Blues,8,seq,,1,A,3,1,0,0,
,,,,2,C,13,3,0,0,
,,,,3,D,24,6,0,0,
,,,,4,F,38,8,0,0,
,,,,5,G,57,14,0,0,
,,,,6,H,75,22,0,0,
,,,,7,J,90,34,0,0,
,,,,8,L,100,55,0,5,
Blues,9,seq,,1,A,3,1,0,0,
,,,,2,C,13,3,0,0,
,,,,3,D,24,6,0,0,
,,,,4,F,38,8,0,0,
,,,,5,G,57,14,0,0,
,,,,6,H,75,22,0,0,
,,,,7,J,90,34,0,0,
,,,,8,K,100,45,0,7,
,,,,9,M,100,55,0,30,
BrBG,3,div,2,1,E,15,25,55,0,Diverging
,,,,2,H,0,0,0,5,
,,,,3,K,65,5,23,0,
BrBG,4,div,2.5,1,C,35,55,90,0,
,,,,2,F,12,20,45,0,
,,,,3,J,50,0,17,0,
,,,,4,M,100,10,55,0,
BrBG,5,div,3,1,C,35,55,90,0,
,,,,2,F,12,20,45,0,
,,,,3,H,0,0,0,5,
,,,,4,J,50,0,17,0,
,,,,5,M,100,10,55,0,
BrBG,6,div,3.5,1,B,45,60,100,0,
,,,,2,E,15,25,55,0,
,,,,3,G,3,8,20,0,
,,,,4,I,22,0,6,0,
,,,,5,K,65,5,23,0,
,,,,6,N,100,30,60,0,
BrBG,7,div,4,1,B,45,60,100,0,
,,,,2,E,15,25,55,0,
,,,,3,G,3,8,20,0,
,,,,4,H,0,0,0,5,
,,,,5,I,22,0,6,0,
,,,,6,K,65,5,23,0,
,,,,7,N,100,30,60,0,
BrBG,8,div,4.5,1,B,45,60,100,0,
,,,,2,D,25,43,80,0,
,,,,3,F,12,20,45,0,
,,,,4,G,3,8,20,0,
,,,,5,I,22,0,6,0,
,,,,6,J,50,0,17,0,
,,,,7,L,80,12,35,0,
,,,,8,N,100,30,60,0,
BrBG,9,div,5,1,B,45,60,100,0,
,,,,2,D,25,43,80,0,
,,,,3,F,12,20,45,0,
,,,,4,G,3,8,20,0,
,,,,5,H,0,0,0,5,
,,,,6,I,22,0,6,0,
,,,,7,J,50,0,17,0,
,,,,8,L,80,12,35,0,
,,,,9,N,100,30,60,0,
BrBG,10,div,5.5,1,A,45,60,100,40,
,,,,2,B,45,60,100,0,
,,,,3,D,25,43,80,0,
,,,,4,F,12,20,45,0,
,,,,5,G,3,8,20,0,
,,,,6,I,22,0,6,0,
,,,,7,J,50,0,17,0,
,,,,8,L,80,12,35,0,
,,,,9,N,100,30,60,0,
,,,,10,O,100,30,70,40,
BrBG,11,div,6,1,A,45,60,100,40,
,,,,2,B,45,60,100,0,
,,,,3,D,25,43,80,0,
,,,,4,F,12,20,45,0,
,,,,5,G,3,8,20,0,
,,,,6,H,0,0,0,5,
,,,,7,I,22,0,6,0,
,,,,8,J,50,0,17,0,
,,,,9,L,80,12,35,0,
,,,,10,N,100,30,60,0,
,,,,11,O,100,30,70,40,
BuGn,3,seq,,1,C,10,0,0,0,Sequential
,,,,2,F,40,0,15,0,
,,,,3,I,83,0,70,0,
BuGn,4,seq,,1,B,7,0,0,0,
,,,,2,E,30,0,5,0,
,,,,3,G,60,0,30,0,
,,,,4,J,87,10,83,0,
BuGn,5,seq,,1,B,7,0,0,0,
,,,,2,E,30,0,5,0,
,,,,3,G,60,0,30,0,
,,,,4,I,83,0,70,0,
,,,,5,K,100,20,100,0,
BuGn,6,seq,,1,B,7,0,0,0,
,,,,2,D,20,0,6,0,
,,,,3,F,40,0,15,0,
,,,,4,G,60,0,30,0,
,,,,5,I,83,0,70,0,
,,,,6,K,100,20,100,0,
BuGn,7,seq,,1,B,7,0,0,0,
,,,,2,D,20,0,6,0,
,,,,3,F,40,0,15,0,
,,,,4,G,60,0,30,0,
,,,,5,H,75,0,55,0,
,,,,6,J,87,10,83,0,
,,,,7,L,100,35,100,0,
BuGn,8,seq,,1,A,3,0,0,0,
,,,,2,C,10,0,0,0,
,,,,3,D,20,0,6,0,
,,,,4,F,40,0,15,0,
,,,,5,G,60,0,30,0,
,,,,6,H,75,0,55,0,
,,,,7,J,87,10,83,0,
,,,,8,L,100,35,100,0,
BuGn,9,seq,,1,A,3,0,0,0,
,,,,2,C,10,0,0,0,
,,,,3,D,20,0,6,0,
,,,,4,F,40,0,15,0,
,,,,5,G,60,0,30,0,
,,,,6,H,75,0,55,0,
,,,,7,J,87,10,83,0,
,,,,8,K,100,20,100,0,
,,,,9,M,100,50,100,0,
BuPu,3,seq,,1,C,12,3,0,0,Sequential
,,,,2,F,38,14,0,0,
,,,,3,I,47,60,0,0,
BuPu,4,seq,,1,B,7,0,0,0,
,,,,2,E,30,10,0,0,
,,,,3,G,45,30,0,0,
,,,,4,J,47,70,0,0,
BuPu,5,seq,,1,B,7,0,0,0,
,,,,2,E,30,10,0,0,
,,,,3,G,45,30,0,0,
,,,,4,I,47,60,0,0,
,,,,5,K,47,95,0,5,
BuPu,6,seq,,1,B,7,0,0,0,
,,,,2,D,25,9,0,0,
,,,,3,F,38,14,0,0,
,,,,4,G,45,30,0,0,
,,,,5,I,47,60,0,0,
,,,,6,K,47,95,0,5,
BuPu,7,seq,,1,B,7,0,0,0,
,,,,2,D,25,9,0,0,
,,,,3,F,38,14,0,0,
,,,,4,G,45,30,0,0,
,,,,5,H,45,50,0,0,
,,,,6,J,47,70,0,0,
,,,,7,L,50,100,0,15,
BuPu,8,seq,,1,A,3,0,0,0,
,,,,2,C,12,3,0,0,
,,,,3,D,25,9,0,0,
,,,,4,F,38,14,0,0,
,,,,5,G,45,30,0,0,
,,,,6,H,45,50,0,0,
,,,,7,J,47,70,0,0,
,,,,8,L,50,100,0,15,
BuPu,9,seq,,1,A,3,0,0,0,
,,,,2,C,12,3,0,0,
,,,,3,D,25,9,0,0,
,,,,4,F,38,14,0,0,
,,,,5,G,45,30,0,0,
,,,,6,H,45,50,0,0,
,,,,7,J,47,70,0,0,
,,,,8,K,47,95,0,5,
,,,,9,M,50,100,0,40,
Dark2,3,qual,,1,A,90,0,55,0,Qualitative
,,,,2,B,15,60,100,0,
,,,,3,C,55,45,0,0,
Dark2,4,qual,,1,A,90,0,55,0,
,,,,2,B,15,60,100,0,
,,,,3,C,55,45,0,0,
,,,,4,D,5,85,5,0,
Dark2,5,qual,,1,A,90,0,55,0,
,,,,2,B,15,60,100,0,
,,,,3,C,55,45,0,0,
,,,,4,D,5,85,5,0,
,,,,5,E,60,10,100,0,
Dark2,6,qual,,1,A,90,0,55,0,
,,,,2,B,15,60,100,0,
,,,,3,C,55,45,0,0,
,,,,4,D,5,85,5,0,
,,,,5,E,60,10,100,0,
,,,,6,F,10,30,100,0,
Dark2,7,qual,,1,A,90,0,55,0,
,,,,2,B,15,60,100,0,
,,,,3,C,55,45,0,0,
,,,,4,D,5,85,5,0,
,,,,5,E,60,10,100,0,
,,,,6,F,10,30,100,0,
,,,,7,G,35,45,90,0,
Dark2,8,qual,,1,A,90,0,55,0,
,,,,2,B,15,60,100,0,
,,,,3,C,55,45,0,0,
,,,,4,D,5,85,5,0,
,,,,5,E,60,10,100,0,
,,,,6,F,10,30,100,0,
,,,,7,G,35,45,90,0,
,,,,8,H,0,0,0,60,
GnBu,3,seq,,1,C,12,0,12,0,Sequential
,,,,2,F,34,0,25,0,
,,,,3,I,75,12,0,0,
GnBu,4,seq,,1,B,6,0,8,0,
,,,,2,E,27,0,23,0,
,,,,3,G,52,0,15,0,
,,,,4,J,80,20,0,0,
GnBu,5,seq,,1,B,6,0,8,0,
,,,,2,E,27,0,23,0,
,,,,3,G,52,0,15,0,
,,,,4,I,75,12,0,0,
,,,,5,K,100,35,0,0,
GnBu,6,seq,,1,B,6,0,8,0,
,,,,2,D,20,0,20,0,
,,,,3,F,34,0,25,0,
,,,,4,G,52,0,15,0,
,,,,5,I,75,12,0,0,
,,,,6,K,100,35,0,0,
GnBu,7,seq,,1,B,6,0,8,0,
,,,,2,D,20,0,20,0,
,,,,3,F,34,0,25,0,
,,,,4,G,52,0,15,0,
,,,,5,H,70,5,0,0,
,,,,6,J,85,20,0,0,
,,,,7,L,100,42,0,5,
GnBu,8,seq,,1,A,3,0,5,0,
,,,,2,C,12,0,12,0,
,,,,3,D,20,0,20,0,
,,,,4,F,34,0,25,0,
,,,,5,G,52,0,15,0,
,,,,6,H,70,5,0,0,
,,,,7,J,85,20,0,0,
,,,,8,L,100,42,0,5,
GnBu,9,seq,,1,A,3,0,5,0,
,,,,2,C,12,0,12,0,
,,,,3,D,20,0,20,0,
,,,,4,F,34,0,25,0,
,,,,5,G,52,0,15,0,
,,,,6,H,70,5,0,0,
,,,,7,J,85,20,0,0,
,,,,8,K,100,35,0,0,
,,,,9,M,100,50,0,20,
Greens,3,seq,,1,C,10,0,10,0,Sequential
,,,,2,F,37,0,37,0,
,,,,3,I,81,0,76,0,
Greens,4,seq,,1,B,7,0,7,0,
,,,,2,E,27,0,27,0,
,,,,3,G,55,0,55,0,
,,,,4,J,84,10,83,0,
Greens,5,seq,,1,B,7,0,7,0,
,,,,2,E,27,0,27,0,
,,,,3,G,55,0,55,0,
,,,,4,I,81,0,76,0,
,,,,5,K,100,20,100,0,
Greens,6,seq,,1,B,7,0,7,0,
,,,,2,D,22,0,22,0,
,,,,3,F,37,0,37,0,
,,,,4,G,55,0,55,0,
,,,,5,I,81,0,76,0,
,,,,6,K,100,20,100,0,
Greens,7,seq,,1,B,7,0,7,0,
,,,,2,D,22,0,22,0,
,,,,3,F,37,0,37,0,
,,,,4,G,55,0,55,0,
,,,,5,H,75,0,70,0,
,,,,6,J,87,10,83,0,
,,,,7,L,100,35,90,0,
Greens,8,seq,,1,A,3,0,3,0,
,,,,2,C,10,0,10,0,
,,,,3,D,22,0,22,0,
,,,,4,F,37,0,37,0,
,,,,5,G,55,0,55,0,
,,,,6,H,75,0,70,0,
,,,,7,J,87,10,83,0,
,,,,8,L,100,35,90,0,
Greens,9,seq,,1,A,3,0,3,0,
,,,,2,C,10,0,10,0,
,,,,3,D,22,0,22,0,
,,,,4,F,37,0,37,0,
,,,,5,G,55,0,55,0,
,,,,6,H,75,0,70,0,
,,,,7,J,87,10,83,0,
,,,,8,K,100,20,100,0,
,,,,9,M,100,50,100,0,
Greys,3,seq,,1,C,0,0,0,6,Sequential
,,,,2,F,0,0,0,26,
,,,,3,I,0,0,0,61,
Greys,4,seq,,1,B,0,0,0,3,
,,,,2,E,0,0,0,20,
,,,,3,G,0,0,0,41,
,,,,4,J,0,0,0,68,
Greys,5,seq,,1,B,0,0,0,3,
,,,,2,E,0,0,0,20,
,,,,3,G,0,0,0,41,
,,,,4,I,0,0,0,61,
,,,,5,K,0,0,0,85,
Greys,6,seq,,1,B,0,0,0,3,
,,,,2,D,0,0,0,15,
,,,,3,F,0,0,0,26,
,,,,4,G,0,0,0,41,
,,,,5,I,0,0,0,61,
,,,,6,K,0,0,0,85,
Greys,7,seq,,1,B,0,0,0,3,
,,,,2,D,0,0,0,15,
,,,,3,F,0,0,0,26,
,,,,4,G,0,0,0,41,
,,,,5,H,0,0,0,55,
,,,,6,J,0,0,0,68,
,,,,7,L,0,0,0,85,
Greys,8,seq,,1,A,0,0,0,0,
,,,,2,C,0,0,0,6,
,,,,3,D,0,0,0,15,
,,,,4,F,0,0,0,26,
,,,,5,G,0,0,0,41,
,,,,6,H,0,0,0,55,
,,,,7,J,0,0,0,68,
,,,,8,L,0,0,0,85,
Greys,9,seq,,1,A,0,0,0,0,
,,,,2,C,0,0,0,6,
,,,,3,D,0,0,0,15,
,,,,4,F,0,0,0,26,
,,,,5,G,0,0,0,41,
,,,,6,H,0,0,0,55,
,,,,7,J,0,0,0,68,
,,,,8,K,0,0,0,85,
,,,,9,M,0,0,0,100,
Oranges,3,seq,,1,C,0,10,15,0,Sequential
,,,,2,F,0,32,50,0,
,,,,3,I,10,65,95,0,
Oranges,4,seq,,1,B,0,7,10,0,
,,,,2,E,0,26,40,0,
,,,,3,G,0,45,70,0,
,,,,4,J,15,70,100,0,
Oranges,5,seq,,1,B,0,7,10,0,
,,,,2,E,0,26,40,0,
,,,,3,G,0,45,70,0,
,,,,4,I,10,65,95,0,
,,,,5,K,35,75,100,0,
Oranges,6,seq,,1,B,0,7,10,0,
,,,,2,D,0,19,30,0,
,,,,3,F,0,32,50,0,
,,,,4,G,0,45,70,0,
,,,,5,I,10,65,95,0,
,,,,6,K,35,75,100,0,
Oranges,7,seq,,1,B,0,7,10,0,
,,,,2,D,0,19,30,0,
,,,,3,F,0,32,50,0,
,,,,4,G,0,45,70,0,
,,,,5,H,5,58,90,0,
,,,,6,J,15,70,100,0,
,,,,7,L,45,78,100,0,
Oranges,8,seq,,1,A,0,4,6,0,
,,,,2,C,0,10,15,0,
,,,,3,D,0,19,30,0,
,,,,4,F,0,32,50,0,
,,,,5,G,0,45,70,0,
,,,,6,H,5,58,90,0,
,,,,7,J,15,70,100,0,
,,,,8,L,45,78,100,0,
Oranges,9,seq,,1,A,0,4,6,0,
,,,,2,C,0,10,15,0,
,,,,3,D,0,19,30,0,
,,,,4,F,0,32,50,0,
,,,,5,G,0,45,70,0,
,,,,6,H,5,58,90,0,
,,,,7,J,15,70,100,0,
,,,,8,K,35,75,100,0,
,,,,9,M,50,80,100,0,
OrRd,3,seq,,1,C,0,9,18,0,Sequential
,,,,2,F,0,27,40,0,
,,,,3,I,10,70,70,0,
OrRd,4,seq,,1,B,0,6,12,0,
,,,,2,E,0,20,40,0,
,,,,3,G,0,45,55,0,
,,,,4,J,15,80,80,0,
OrRd,5,seq,,1,B,0,6,12,0,
,,,,2,E,0,20,40,0,
,,,,3,G,0,45,55,0,
,,,,4,I,10,70,70,0,
,,,,5,K,30,100,100,0,
OrRd,6,seq,,1,B,0,6,12,0,
,,,,2,D,0,17,32,0,
,,,,3,F,0,27,40,0,
,,,,4,G,0,45,55,0,
,,,,5,I,10,70,70,0,
,,,,6,K,30,100,100,0,
OrRd,7,seq,,1,B,0,6,12,0,
,,,,2,D,0,17,32,0,
,,,,3,F,0,27,40,0,
,,,,4,G,0,45,55,0,
,,,,5,H,5,60,60,0,
,,,,6,J,15,80,80,0,
,,,,7,L,40,100,100,0,
OrRd,8,seq,,1,A,0,3,6,0,
,,,,2,C,0,9,18,0,
,,,,3,D,0,17,32,0,
,,,,4,F,0,27,40,0,
,,,,5,G,0,45,55,0,
,,,,6,H,5,60,60,0,
,,,,7,J,15,80,80,0,
,,,,8,L,40,100,100,0,
OrRd,9,seq,,1,A,0,3,6,0,
,,,,2,C,0,9,18,0,
,,,,3,D,0,17,32,0,
,,,,4,F,0,27,40,0,
,,,,5,G,0,45,55,0,
,,,,6,H,5,60,60,0,
,,,,7,J,15,80,80,0,
,,,,8,K,30,100,100,0,
,,,,9,M,50,100,100,0,
Paired,3,qual,,1,A,35,7,0,0,Qualitative
,,,,2,B,90,30,0,0,
,,,,3,C,30,0,45,0,
Paired,4,qual,,1,A,35,7,0,0,
,,,,2,B,90,30,0,0,
,,,,3,C,30,0,45,0,
,,,,4,D,80,0,100,0,
Paired,5,qual,,1,A,35,7,0,0,
,,,,2,B,90,30,0,0,
,,,,3,C,30,0,45,0,
,,,,4,D,80,0,100,0,
,,,,5,E,0,40,25,0,
Paired,6,qual,,1,A,35,7,0,0,
,,,,2,B,90,30,0,0,
,,,,3,C,30,0,45,0,
,,,,4,D,80,0,100,0,
,,,,5,E,0,40,25,0,
,,,,6,F,10,90,80,0,
Paired,7,qual,,1,A,35,7,0,0,
,,,,2,B,90,30,0,0,
,,,,3,C,30,0,45,0,
,,,,4,D,80,0,100,0,
,,,,5,E,0,40,25,0,
,,,,6,F,10,90,80,0,
,,,,7,G,0,25,50,0,
Paired,8,qual,,1,A,35,7,0,0,
,,,,2,B,90,30,0,0,
,,,,3,C,30,0,45,0,
,,,,4,D,80,0,100,0,
,,,,5,E,0,40,25,0,
,,,,6,F,10,90,80,0,
,,,,7,G,0,25,50,0,
,,,,8,H,0,50,100,0,
Paired,9,qual,,1,A,35,7,0,0,
,,,,2,B,90,30,0,0,
,,,,3,C,30,0,45,0,
,,,,4,D,80,0,100,0,
,,,,5,E,0,40,25,0,
,,,,6,F,10,90,80,0,
,,,,7,G,0,25,50,0,
,,,,8,H,0,50,100,0,
,,,,9,I,20,25,0,0,
Paired,10,qual,,1,A,35,7,0,0,
,,,,2,B,90,30,0,0,
,,,,3,C,30,0,45,0,
,,,,4,D,80,0,100,0,
,,,,5,E,0,40,25,0,
,,,,6,F,10,90,80,0,
,,,,7,G,0,25,50,0,
,,,,8,H,0,50,100,0,
,,,,9,I,20,25,0,0,
,,,,10,J,60,70,0,0,
Paired,11,qual,,1,A,35,7,0,0,
,,,,2,B,90,30,0,0,
,,,,3,C,30,0,45,0,
,,,,4,D,80,0,100,0,
,,,,5,E,0,40,25,0,
,,,,6,F,10,90,80,0,
,,,,7,G,0,25,50,0,
,,,,8,H,0,50,100,0,
,,,,9,I,20,25,0,0,
,,,,10,J,60,70,0,0,
,,,,11,K,0,0,40,0,
Paired,12,qual,,1,A,35,7,0,0,
,,,,2,B,90,30,0,0,
,,,,3,C,30,0,45,0,
,,,,4,D,80,0,100,0,
,,,,5,E,0,40,25,0,
,,,,6,F,10,90,80,0,
,,,,7,G,0,25,50,0,
,,,,8,H,0,50,100,0,
,,,,9,I,20,25,0,0,
,,,,10,J,60,70,0,0,
,,,,11,K,0,0,40,0,
,,,,12,L,23,73,98,12,
Pastel1,3,qual,,1,A,0,30,20,0,Qualitative
,,,,2,B,30,10,0,0,
,,,,3,C,20,0,20,0,
Pastel1,4,qual,,1,A,0,30,20,0,
,,,,2,B,30,10,0,0,
,,,,3,C,20,0,20,0,
,,,,4,D,12,17,0,0,
Pastel1,5,qual,,1,A,0,30,20,0,
,,,,2,B,30,10,0,0,
,,,,3,C,20,0,20,0,
,,,,4,D,12,17,0,0,
,,,,5,E,0,15,30,0,
Pastel1,6,qual,,1,A,0,30,20,0,
,,,,2,B,30,10,0,0,
,,,,3,C,20,0,20,0,
,,,,4,D,12,17,0,0,
,,,,5,E,0,15,30,0,
,,,,6,F,0,0,20,0,
Pastel1,7,qual,,1,A,0,30,20,0,
,,,,2,B,30,10,0,0,
,,,,3,C,20,0,20,0,
,,,,4,D,12,17,0,0,
,,,,5,E,0,15,30,0,
,,,,6,F,0,0,20,0,
,,,,7,G,10,12,20,0,
Pastel1,8,qual,,1,A,0,30,20,0,
,,,,2,B,30,10,0,0,
,,,,3,C,20,0,20,0,
,,,,4,D,12,17,0,0,
,,,,5,E,0,15,30,0,
,,,,6,F,0,0,20,0,
,,,,7,G,10,12,20,0,
,,,,8,H,0,15,0,0,
Pastel1,9,qual,,1,A,0,30,20,0,
,,,,2,B,30,10,0,0,
,,,,3,C,20,0,20,0,
,,,,4,D,12,17,0,0,
,,,,5,E,0,15,30,0,
,,,,6,F,0,0,20,0,
,,,,7,G,10,12,20,0,
,,,,8,H,0,15,0,0,
,,,,9,I,0,0,0,5,
Pastel2,3,qual,,1,A,30,0,15,0,Qualitative
,,,,2,B,0,20,25,0,
,,,,3,C,20,10,0,0,
Pastel2,4,qual,,1,A,30,0,15,0,
,,,,2,B,0,20,25,0,
,,,,3,C,20,10,0,0,
,,,,4,D,3,20,0,0,
Pastel2,5,qual,,1,A,30,0,15,0,
,,,,2,B,0,20,25,0,
,,,,3,C,20,10,0,0,
,,,,4,D,3,20,0,0,
,,,,5,E,10,0,20,0,
Pastel2,6,qual,,1,A,30,0,15,0,
,,,,2,B,0,20,25,0,
,,,,3,C,20,10,0,0,
,,,,4,D,3,20,0,0,
,,,,5,E,10,0,20,0,
,,,,6,F,0,5,30,0,
Pastel2,7,qual,,1,A,30,0,15,0,
,,,,2,B,0,20,25,0,
,,,,3,C,20,10,0,0,
,,,,4,D,3,20,0,0,
,,,,5,E,10,0,20,0,
,,,,6,F,0,5,30,0,
,,,,7,G,5,10,15,0,
Pastel2,8,qual,,1,A,30,0,15,0,
,,,,2,B,0,20,25,0,
,,,,3,C,20,10,0,0,
,,,,4,D,3,20,0,0,
,,,,5,E,10,0,20,0,
,,,,6,F,0,5,30,0,
,,,,7,G,5,10,15,0,
,,,,8,H,0,0,0,20,
PiYG,3,div,2,1,E,7,35,3,0,Diverging
,,,,2,H,0,0,0,3,
,,,,3,K,37,0,60,0,
PiYG,4,div,2.5,1,C,15,90,0,0,
,,,,2,F,4,28,0,0,
,,,,3,J,28,0,47,0,
,,,,4,M,70,0,100,0,
PiYG,5,div,3,1,C,15,90,0,0,
,,,,2,F,4,28,0,0,
,,,,3,H,0,0,0,3,
,,,,4,J,28,0,47,0,
,,,,5,M,70,0,100,0,
PiYG,6,div,3.5,1,B,20,90,10,0,
,,,,2,E,7,35,3,0,
,,,,3,G,0,12,0,0,
,,,,4,I,10,0,17,0,
,,,,5,K,37,0,60,0,
,,,,6,N,70,15,100,0,
PiYG,7,div,4,1,B,20,90,10,0,
,,,,2,E,7,35,3,0,
,,,,3,G,0,12,0,0,
,,,,4,H,0,0,0,3,
,,,,5,I,10,0,17,0,
,,,,6,K,37,0,60,0,
,,,,7,N,70,15,100,0,
PiYG,8,div,4.5,1,B,20,90,10,0,
,,,,2,D,11,52,6,0,
,,,,3,F,4,28,0,0,
,,,,4,G,0,12,0,0,
,,,,5,I,10,0,17,0,
,,,,6,J,28,0,47,0,
,,,,7,L,50,5,80,0,
,,,,8,N,70,15,100,0,
PiYG,9,div,5,1,B,20,90,10,0,
,,,,2,D,11,52,6,0,
,,,,3,F,4,28,0,0,
,,,,4,G,0,12,0,0,
,,,,5,H,0,0,0,3,
,,,,6,I,10,0,17,0,
,,,,7,J,28,0,47,0,
,,,,8,L,50,5,80,0,
,,,,9,N,70,15,100,0,
PiYG,10,div,5.5,1,A,10,100,0,35,
,,,,2,B,20,90,10,0,
,,,,3,D,11,52,6,0,
,,,,4,F,4,28,0,0,
,,,,5,G,0,12,0,0,
,,,,6,I,10,0,17,0,
,,,,7,J,28,0,47,0,
,,,,8,L,50,5,80,0,
,,,,9,N,70,15,100,0,
,,,,10,O,75,0,100,40,
PiYG,11,div,6,1,A,10,100,0,35,
,,,,2,B,20,90,10,0,
,,,,3,D,11,52,6,0,
,,,,4,F,4,28,0,0,
,,,,5,G,0,12,0,0,
,,,,6,H,0,0,0,3,
,,,,7,I,10,0,17,0,
,,,,8,J,28,0,47,0,
,,,,9,L,50,5,80,0,
,,,,10,N,70,15,100,0,
,,,,11,O,75,0,100,40,
PRGn,3,div,2,1,E,31,38,0,0,Diverging
,,,,2,H,0,0,0,3,
,,,,3,K,50,5,50,0,
PRGn,4,div,2.5,1,C,53,77,0,0,
,,,,2,F,23,30,0,0,
,,,,3,J,35,0,35,0,
,,,,4,M,100,0,100,0,
PRGn,5,div,3,1,C,53,77,0,0,
,,,,2,F,23,30,0,0,
,,,,3,H,0,0,0,3,
,,,,4,J,35,0,35,0,
,,,,5,M,100,0,100,0,
PRGn,6,div,3.5,1,B,55,80,10,0,
,,,,2,E,31,38,0,0,
,,,,3,G,9,14,0,0,
,,,,4,I,15,0,15,0,
,,,,5,K,50,5,50,0,
,,,,6,N,90,20,90,0,
PRGn,7,div,4,1,B,55,80,10,0,
,,,,2,E,31,38,0,0,
,,,,3,G,9,14,0,0,
,,,,4,H,0,0,0,3,
,,,,5,I,15,0,15,0,
,,,,6,K,50,5,50,0,
,,,,7,N,90,20,90,0,
PRGn,8,div,4.5,1,B,55,80,10,0,
,,,,2,D,40,49,5,0,
,,,,3,F,23,30,0,0,
,,,,4,G,9,14,0,0,
,,,,5,I,15,0,15,0,
,,,,6,J,35,0,35,0,
,,,,7,L,65,5,65,0,
,,,,8,N,90,20,90,0,
PRGn,9,div,5,1,B,55,80,10,0,
,,,,2,D,40,49,5,0,
,,,,3,F,23,30,0,0,
,,,,4,G,9,14,0,0,
,,,,5,H,0,0,0,3,
,,,,6,I,15,0,15,0,
,,,,7,J,35,0,35,0,
,,,,8,L,65,5,65,0,
,,,,9,N,90,20,90,0,
PRGn,10,div,5.5,1,A,60,100,0,40,
,,,,2,B,55,80,10,0,
,,,,3,D,40,49,5,0,
,,,,4,F,23,30,0,0,
,,,,5,G,9,14,0,0,
,,,,6,I,15,0,15,0,
,,,,7,J,35,0,35,0,
,,,,8,L,65,5,65,0,
,,,,9,N,90,20,90,0,
,,,,10,O,100,50,100,0,
PRGn,11,div,6,1,A,60,100,0,40,
,,,,2,B,55,80,10,0,
,,,,3,D,40,49,5,0,
,,,,4,F,23,30,0,0,
,,,,5,G,9,14,0,0,
,,,,6,H,0,0,0,3,
,,,,7,I,15,0,15,0,
,,,,8,J,35,0,35,0,
,,,,9,L,65,5,65,0,
,,,,10,N,90,20,90,0,
,,,,11,O,100,50,100,0,
PuBu,3,seq,,1,C,7,7,0,0,Sequential
,,,,2,F,35,15,0,0,
,,,,3,I,85,20,0,0,
PuBu,4,seq,,1,B,5,5,0,0,
,,,,2,E,26,13,0,0,
,,,,3,G,55,17,0,0,
,,,,4,J,100,30,0,0,
PuBu,5,seq,,1,B,5,5,0,0,
,,,,2,E,26,13,0,0,
,,,,3,G,55,17,0,0,
,,,,4,I,85,20,0,0,
,,,,5,K,100,30,0,20,
PuBu,6,seq,,1,B,5,5,0,0,
,,,,2,D,18,12,0,0,
,,,,3,F,35,15,0,0,
,,,,4,G,55,17,0,0,
,,,,5,I,85,20,0,0,
,,,,6,K,100,30,0,20,
PuBu,7,seq,,1,B,5,5,0,0,
,,,,2,D,18,12,0,0,
,,,,3,F,35,15,0,0,
,,,,4,G,55,17,0,0,
,,,,5,H,80,20,0,0,
,,,,6,J,100,30,0,0,
,,,,7,L,100,30,0,30,
PuBu,8,seq,,1,A,0,3,0,0,
,,,,2,C,7,7,0,0,
,,,,3,D,18,12,0,0,
,,,,4,F,35,15,0,0,
,,,,5,G,55,17,0,0,
,,,,6,H,80,20,0,0,
,,,,7,J,100,30,0,0,
,,,,8,L,100,30,0,30,
PuBu,9,seq,,1,A,0,3,0,0,
,,,,2,C,7,7,0,0,
,,,,3,D,18,12,0,0,
,,,,4,F,35,15,0,0,
,,,,5,G,55,17,0,0,
,,,,6,H,80,20,0,0,
,,,,7,J,100,30,0,0,
,,,,8,K,100,30,0,20,
,,,,9,M,100,30,0,50,
PuBuGn,3,seq,,1,C,7,9,0,0,Sequential
,,,,2,F,35,15,0,0,
,,,,3,I,90,12,27,0,
PuBuGn,4,seq,,1,B,3,5,0,0,
,,,,2,E,26,13,0,0,
,,,,3,G,60,15,0,0,
,,,,4,J,100,15,35,0,
PuBuGn,5,seq,,1,B,3,5,0,0,
,,,,2,E,26,13,0,0,
,,,,3,G,60,15,0,0,
,,,,4,I,90,12,27,0,
,,,,5,K,100,25,65,0,
PuBuGn,6,seq,,1,B,3,5,0,0,
,,,,2,D,18,12,0,0,
,,,,3,F,35,15,0,0,
,,,,4,G,60,15,0,0,
,,,,5,I,90,12,27,0,
,,,,6,K,100,25,65,0,
PuBuGn,7,seq,,1,B,3,5,0,0,
,,,,2,D,18,12,0,0,
,,,,3,F,35,15,0,0,
,,,,4,G,60,15,0,0,
,,,,5,H,80,20,0,0,
,,,,6,J,100,15,35,0,
,,,,7,L,100,30,70,0,
PuBuGn,8,seq,,1,A,0,3,0,0,
,,,,2,C,7,9,0,0,
,,,,3,D,18,12,0,0,
,,,,4,F,35,15,0,0,
,,,,5,G,60,15,0,0,
,,,,6,H,80,20,0,0,
,,,,7,J,100,15,35,0,
,,,,8,L,100,30,70,0,
PuBuGn,9,seq,,1,A,0,3,0,0,
,,,,2,C,7,9,0,0,
,,,,3,D,18,12,0,0,
,,,,4,F,35,15,0,0,
,,,,5,G,60,15,0,0,
,,,,6,H,80,20,0,0,
,,,,7,J,100,15,35,0,
,,,,8,K,100,25,65,0,
,,,,9,M,100,50,80,0,
PuOr,3,div,2,1,E,5,35,70,0,Diverging
,,,,2,H,0,0,0,3,
,,,,3,K,40,35,0,0,
PuOr,4,div,2.5,1,C,10,60,100,0,
,,,,2,F,0,28,55,0,
,,,,3,J,30,25,0,0,
,,,,4,M,65,70,0,0,
PuOr,5,div,3,1,C,10,60,100,0,
,,,,2,F,0,28,55,0,
,,,,3,H,0,0,0,3,
,,,,4,J,30,25,0,0,
,,,,5,M,65,70,0,0,
PuOr,6,div,3.5,1,B,30,60,100,0,
,,,,2,E,5,35,70,0,
,,,,3,G,0,12,24,0,
,,,,4,I,15,10,0,0,
,,,,5,K,40,35,0,0,
,,,,6,N,70,80,5,0,
PuOr,7,div,4,1,B,30,60,100,0,
,,,,2,E,5,35,70,0,
,,,,3,G,0,12,24,0,
,,,,4,H,0,0,0,3,
,,,,5,I,15,10,0,0,
,,,,6,K,40,35,0,0,
,,,,7,N,70,80,5,0,
PuOr,8,div,4.5,1,B,30,60,100,0,
,,,,2,D,12,46,92,0,
,,,,3,F,0,28,55,0,
,,,,4,G,0,12,24,0,
,,,,5,I,15,10,0,0,
,,,,6,J,30,25,0,0,
,,,,7,L,50,45,5,0,
,,,,8,N,70,80,5,0,
PuOr,9,div,5,1,B,30,60,100,0,
,,,,2,D,12,46,92,0,
,,,,3,F,0,28,55,0,
,,,,4,G,0,12,24,0,
,,,,5,H,0,0,0,3,
,,,,6,I,15,10,0,0,
,,,,7,J,30,25,0,0,
,,,,8,L,50,45,5,0,
,,,,9,N,70,80,5,0,
PuOr,10,div,5.5,1,A,50,70,100,0,
,,,,2,B,30,60,100,0,
,,,,3,D,12,46,92,0,
,,,,4,F,0,28,55,0,
,,,,5,G,0,12,24,0,
,,,,6,I,15,10,0,0,
,,,,7,J,30,25,0,0,
,,,,8,L,50,45,5,0,
,,,,9,N,70,80,5,0,
,,,,10,O,75,100,0,40,
PuOr,11,div,6,1,A,50,70,100,0,
,,,,2,B,30,60,100,0,
,,,,3,D,12,46,92,0,
,,,,4,F,0,28,55,0,
,,,,5,G,0,12,24,0,
,,,,6,H,0,0,0,3,
,,,,7,I,15,10,0,0,
,,,,8,J,30,25,0,0,
,,,,9,L,50,45,5,0,
,,,,10,N,70,80,5,0,
,,,,11,O,75,100,0,40,
PuRd,3,seq,,1,C,9,9,0,0,Sequential
,,,,2,F,20,38,0,0,
,,,,3,I,10,90,15,0,
PuRd,4,seq,,1,B,5,5,0,0,
,,,,2,E,15,25,0,0,
,,,,3,G,10,60,0,0,
,,,,4,J,17,95,35,0,
PuRd,5,seq,,1,B,5,5,0,0,
,,,,2,E,15,25,0,0,
,,,,3,G,10,60,0,0,
,,,,4,I,10,90,15,0,
,,,,5,K,40,100,47,0,
PuRd,6,seq,,1,B,5,5,0,0,
,,,,2,D,16,23,0,0,
,,,,3,F,20,38,0,0,
,,,,4,G,10,60,0,0,
,,,,5,I,10,90,15,0,
,,,,6,K,40,100,47,0,
PuRd,7,seq,,1,B,5,5,0,0,
,,,,2,D,16,23,0,0,
,,,,3,F,20,38,0,0,
,,,,4,G,10,60,0,0,
,,,,5,H,5,85,5,0,
,,,,6,J,17,95,35,0,
,,,,7,L,43,100,50,0,
PuRd,8,seq,,1,A,3,3,0,0,
,,,,2,C,9,9,0,0,
,,,,3,D,16,23,0,0,
,,,,4,F,20,38,0,0,
,,,,5,G,10,60,0,0,
,,,,6,H,5,85,5,0,
,,,,7,J,17,95,35,0,
,,,,8,L,43,100,50,0,
PuRd,9,seq,,1,A,3,3,0,0,
,,,,2,C,9,9,0,0,
,,,,3,D,16,23,0,0,
,,,,4,F,20,38,0,0,
,,,,5,G,10,60,0,0,
,,,,6,H,5,85,5,0,
,,,,7,J,17,95,35,0,
,,,,8,K,40,100,47,0,
,,,,9,M,60,100,75,0,
Purples,3,seq,,1,C,6,5,0,0,Sequential
,,,,2,F,28,18,0,0,
,,,,3,I,55,48,0,0,
Purples,4,seq,,1,B,5,4,0,0,
,,,,2,E,20,15,0,0,
,,,,3,G,38,30,0,0,
,,,,4,J,60,60,0,0,
Purples,5,seq,,1,B,5,4,0,0,
,,,,2,E,20,15,0,0,
,,,,3,G,38,30,0,0,
,,,,4,I,55,48,0,0,
,,,,5,K,70,80,0,0,
Purples,6,seq,,1,B,5,4,0,0,
,,,,2,D,14,10,0,0,
,,,,3,F,26,18,0,0,
,,,,4,G,38,30,0,0,
,,,,5,I,55,48,0,0,
,,,,6,K,70,80,0,0,
Purples,7,seq,,1,B,5,4,0,0,
,,,,2,D,14,10,0,0,
,,,,3,F,26,18,0,0,
,,,,4,G,38,30,0,0,
,,,,5,H,50,40,0,0,
,,,,6,J,60,60,0,0,
,,,,7,L,75,90,0,0,
Purples,8,seq,,1,A,1,1,0,0,
,,,,2,C,6,5,0,0,
,,,,3,D,14,10,0,0,
,,,,4,F,26,18,0,0,
,,,,5,G,38,30,0,0,
,,,,6,H,50,40,0,0,
,,,,7,J,60,60,0,0,
,,,,8,L,75,90,0,0,
Purples,9,seq,,1,A,1,1,0,0,
,,,,2,C,6,5,0,0,
,,,,3,D,14,10,0,0,
,,,,4,F,26,18,0,0,
,,,,5,G,38,30,0,0,
,,,,6,H,50,40,0,0,
,,,,7,J,60,60,0,0,
,,,,8,K,70,80,0,0,
,,,,9,M,80,100,0,0,
RdBu,3,div,2,1,E,5,45,50,0,Diverging
,,,,2,H,0,0,0,3,
,,,,3,K,60,15,0,0,
RdBu,4,div,2.5,1,C,20,100,75,0,
,,,,2,F,3,35,38,0,
,,,,3,J,43,8,0,0,
,,,,4,M,100,30,0,0,
RdBu,5,div,3,1,C,20,100,75,0,
,,,,2,F,3,35,38,0,
,,,,3,H,0,0,0,3,
,,,,4,J,43,8,0,0,
,,,,5,M,100,30,0,0,
RdBu,6,div,3.5,1,B,30,90,70,0,
,,,,2,E,5,45,50,0,
,,,,3,G,0,14,16,0,
,,,,4,I,18,4,0,0,
,,,,5,K,60,15,0,0,
,,,,6,N,90,40,0,0,
RdBu,7,div,4,1,B,30,90,70,0,
,,,,2,E,5,45,50,0,
,,,,3,G,0,14,16,0,
,,,,4,H,0,0,0,3,
,,,,5,I,18,4,0,0,
,,,,6,K,60,15,0,0,
,,,,7,N,90,40,0,0,
RdBu,8,div,4.5,1,B,30,90,70,0,
,,,,2,D,15,60,57,0,
,,,,3,F,3,35,38,0,
,,,,4,G,0,14,16,0,
,,,,5,I,18,4,0,0,
,,,,6,J,43,8,0,0,
,,,,7,L,75,20,0,0,
,,,,8,N,90,40,0,0,
RdBu,9,div,5,1,B,30,90,70,0,
,,,,2,D,15,60,57,0,
,,,,3,F,3,35,38,0,
,,,,4,G,0,14,16,0,
,,,,5,H,0,0,0,3,
,,,,6,I,18,4,0,0,
,,,,7,J,43,8,0,0,
,,,,8,L,75,20,0,0,
,,,,9,N,90,40,0,0,
RdBu,10,div,5.5,1,A,60,100,75,0,
,,,,2,B,30,90,70,0,
,,,,3,D,15,60,57,0,
,,,,4,F,3,35,38,0,
,,,,5,G,0,14,16,0,
,,,,6,I,18,4,0,0,
,,,,7,J,43,8,0,0,
,,,,8,L,75,20,0,0,
,,,,9,N,90,40,0,0,
,,,,10,O,100,50,0,40,
RdBu,11,div,6,1,A,60,100,75,0,
,,,,2,B,30,90,70,0,
,,,,3,D,15,60,57,0,
,,,,4,F,3,35,38,0,
,,,,5,G,0,14,16,0,
,,,,6,H,0,0,0,3,
,,,,7,I,18,4,0,0,
,,,,8,J,43,8,0,0,
,,,,9,L,75,20,0,0,
,,,,10,N,90,40,0,0,
,,,,11,O,100,50,0,40,
RdGy,3,div,2,1,E,5,45,50,0,Diverging
,,,,2,H,0,0,0,0,
,,,,3,K,0,0,0,40,
RdGy,4,div,2.5,1,C,20,100,75,0,
,,,,2,F,3,35,38,0,
,,,,3,J,0,0,0,27,
,,,,4,M,0,0,0,75,
RdGy,5,div,3,1,C,20,100,75,0,
,,,,2,F,3,35,38,0,
,,,,3,H,0,0,0,0,
,,,,4,J,0,0,0,27,
,,,,5,M,0,0,0,75,
RdGy,6,div,3.5,1,B,30,90,70,0,
,,,,2,E,5,45,50,0,
,,,,3,G,0,14,16,0,
,,,,4,I,0,0,0,12,
,,,,5,K,0,0,0,40,
,,,,6,N,0,0,0,70,
RdGy,7,div,4,1,B,30,90,70,0,
,,,,2,E,5,45,50,0,
,,,,3,G,0,14,16,0,
,,,,4,H,0,0,0,0,
,,,,5,I,0,0,0,12,
,,,,6,K,0,0,0,40,
,,,,7,N,0,0,0,70,
RdGy,8,div,4.5,1,B,30,90,70,0,
,,,,2,D,15,60,57,0,
,,,,3,F,3,35,38,0,
,,,,4,G,0,14,16,0,
,,,,5,I,0,0,0,12,
,,,,6,J,0,0,0,27,
,,,,7,L,0,0,0,47,
,,,,8,N,0,0,0,70,
RdGy,9,div,5,1,B,30,90,70,0,
,,,,2,D,15,60,57,0,
,,,,3,F,3,35,38,0,
,,,,4,G,0,14,16,0,
,,,,5,H,0,0,0,0,
,,,,6,I,0,0,0,12,
,,,,7,J,0,0,0,27,
,,,,8,L,0,0,0,47,
,,,,9,N,0,0,0,70,
RdGy,10,div,5.5,1,A,60,100,75,0,
,,,,2,B,30,90,70,0,
,,,,3,D,15,60,57,0,
,,,,4,F,3,35,38,0,
,,,,5,G,0,14,16,0,
,,,,6,I,0,0,0,12,
,,,,7,J,0,0,0,27,
,,,,8,L,0,0,0,47,
,,,,9,N,0,0,0,70,
,,,,10,O,0,0,0,90,
RdGy,11,div,6,1,A,60,100,75,0,
,,,,2,B,30,90,70,0,
,,,,3,D,15,60,57,0,
,,,,4,F,3,35,38,0,
,,,,5,G,0,14,16,0,
,,,,6,H,0,0,0,0,
,,,,7,I,0,0,0,12,
,,,,8,J,0,0,0,27,
,,,,9,L,0,0,0,47,
,,,,10,N,0,0,0,70,
,,,,11,O,0,0,0,90,
RdPu,3,seq,,1,C,0,12,8,0,Sequential
,,,,2,F,0,38,12,0,
,,,,3,I,20,90,0,0,
RdPu,4,seq,,1,B,0,8,8,0,
,,,,2,E,0,30,15,0,
,,,,3,G,0,60,10,0,
,,,,4,J,30,100,0,0,
RdPu,5,seq,,1,B,0,8,8,0,
,,,,2,E,0,30,15,0,
,,,,3,G,0,60,10,0,
,,,,4,I,20,90,0,0,
,,,,5,K,50,100,0,5,
RdPu,6,seq,,1,B,0,8,8,0,
,,,,2,D,0,23,15,0,
,,,,3,F,0,38,12,0,
,,,,4,G,0,60,10,0,
,,,,5,I,20,90,0,0,
,,,,6,K,50,100,0,5,
RdPu,7,seq,,1,B,0,8,8,0,
,,,,2,D,0,23,15,0,
,,,,3,F,0,38,12,0,
,,,,4,G,0,60,10,0,
,,,,5,H,10,80,0,0,
,,,,6,J,30,100,0,0,
,,,,7,L,50,100,0,5,
RdPu,8,seq,,1,A,0,3,3,0,
,,,,2,C,0,12,8,0,
,,,,3,D,0,23,15,0,
,,,,4,F,0,38,12,0,
,,,,5,G,0,60,10,0,
,,,,6,H,10,80,0,0,
,,,,7,J,30,100,0,0,
,,,,8,L,50,100,0,5,
RdPu,9,seq,,1,A,0,3,3,0,
,,,,2,C,0,12,8,0,
,,,,3,D,0,23,15,0,
,,,,4,F,0,38,12,0,
,,,,5,G,0,60,10,0,
,,,,6,H,10,80,0,0,
,,,,7,J,30,100,0,0,
,,,,8,K,50,100,0,5,
,,,,9,M,70,100,0,15,
Reds,3,seq,,1,C,0,12,12,0,Sequential
,,,,2,F,0,43,43,0,
,,,,3,I,12,82,75,0,
Reds,4,seq,,1,B,0,10,10,0,
,,,,2,E,0,32,32,0,
,,,,3,G,0,59,59,0,
,,,,4,J,20,90,80,0,
Reds,5,seq,,1,B,0,10,10,0,
,,,,2,E,0,32,32,0,
,,,,3,G,0,59,59,0,
,,,,4,I,12,82,75,0,
,,,,5,K,35,95,85,0,
Reds,6,seq,,1,B,0,10,10,0,
,,,,2,D,0,27,27,0,
,,,,3,F,0,43,43,0,
,,,,4,G,0,59,59,0,
,,,,5,I,12,82,75,0,
,,,,6,K,35,95,85,0,
Reds,7,seq,,1,B,0,10,10,0,
,,,,2,D,0,27,27,0,
,,,,3,F,0,43,43,0,
,,,,4,G,0,59,59,0,
,,,,5,H,5,77,72,0,
,,,,6,J,20,90,80,0,
,,,,7,L,40,100,90,0,
Reds,8,seq,,1,A,0,4,4,0,
,,,,2,C,0,12,12,0,
,,,,3,D,0,27,27,0,
,,,,4,F,0,43,43,0,
,,,,5,G,0,59,59,0,
,,,,6,H,5,77,72,0,
,,,,7,J,20,90,80,0,
,,,,8,L,40,100,90,0,
Reds,9,seq,,1,A,0,4,4,0,
,,,,2,C,0,12,12,0,
,,,,3,D,0,27,27,0,
,,,,4,F,0,43,43,0,
,,,,5,G,0,59,59,0,
,,,,6,H,5,77,72,0,
,,,,7,J,20,90,80,0,
,,,,8,K,35,95,85,0,
,,,,9,M,60,100,90,0,
RdYlBu,3,div,2,1,E,0,45,55,0,Diverging
,,,,2,H,0,0,25,0,
,,,,3,K,43,11,0,0,
RdYlBu,4,div,2.5,1,C,15,90,80,0,
,,,,2,F,0,32,55,0,
,,,,3,J,33,3,0,0,
,,,,4,M,85,30,0,0,
RdYlBu,5,div,3,1,C,15,90,80,0,
,,,,2,F,0,32,55,0,
,,,,3,H,0,0,25,0,
,,,,4,J,33,3,0,0,
,,,,5,M,85,30,0,0,
RdYlBu,6,div,3.5,1,B,15,80,75,0,
,,,,2,E,0,45,55,0,
,,,,3,G,0,12,40,0,
,,,,4,I,12,0,0,0,
,,,,5,K,43,11,0,0,
,,,,6,N,75,37,0,0,
RdYlBu,7,div,4,1,B,15,80,75,0,
,,,,2,E,0,45,55,0,
,,,,3,G,0,12,40,0,
,,,,4,H,0,0,25,0,
,,,,5,I,12,0,0,0,
,,,,6,K,43,11,0,0,
,,,,7,N,75,37,0,0,
RdYlBu,8,div,4.5,1,B,15,80,75,0,
,,,,2,D,3,57,63,0,
,,,,3,F,0,32,55,0,
,,,,4,G,0,12,40,0,
,,,,5,I,12,0,0,0,
,,,,6,J,33,3,0,0,
,,,,7,L,55,15,0,0,
,,,,8,N,75,37,0,0,
RdYlBu,9,div,5,1,B,15,80,75,0,
,,,,2,D,3,57,63,0,
,,,,3,F,0,32,55,0,
,,,,4,G,0,12,40,0,
,,,,5,H,0,0,25,0,
,,,,6,I,12,0,0,0,
,,,,7,J,33,3,0,0,
,,,,8,L,55,15,0,0,
,,,,9,N,75,37,0,0,
RdYlBu,10,div,5.5,1,A,35,100,70,0,
,,,,2,B,15,80,75,0,
,,,,3,D,3,57,63,0,
,,,,4,F,0,32,55,0,
,,,,5,G,0,12,40,0,
,,,,6,I,12,0,0,0,
,,,,7,J,33,3,0,0,
,,,,8,L,55,15,0,0,
,,,,9,N,75,37,0,0,
,,,,10,O,85,70,0,0,
RdYlBu,11,div,6,1,A,35,100,70,0,
,,,,2,B,15,80,75,0,
,,,,3,D,3,57,63,0,
,,,,4,F,0,35,55,0,
,,,,5,G,0,12,40,0,
,,,,6,H,0,0,25,0,
,,,,7,I,12,0,0,0,
,,,,8,J,33,3,0,0,
,,,,9,L,55,15,0,0,
,,,,10,N,75,37,0,0,
,,,,11,O,85,70,0,0,
RdYlGn,3,div,2,1,E,0,45,55,0,Diverging
,,,,2,H,0,0,25,0,
,,,,3,K,43,0,65,0,
RdYlGn,4,div,2.5,1,C,15,90,80,0,
,,,,2,F,0,32,55,0,
,,,,3,J,35,0,60,0,
,,,,4,M,90,0,90,0,
RdYlGn,5,div,3,1,C,15,90,80,0,
,,,,2,F,0,35,55,0,
,,,,3,H,0,0,25,0,
,,,,4,J,35,0,60,0,
,,,,5,M,90,0,90,0,
RdYlGn,6,div,3.5,1,B,15,80,75,0,
,,,,2,E,0,45,55,0,
,,,,3,G,0,12,42,0,
,,,,4,I,15,0,45,0,
,,,,5,K,43,0,65,0,
,,,,6,N,90,0,90,0,
RdYlGn,7,div,4,1,B,15,80,75,0,
,,,,2,E,0,45,55,0,
,,,,3,G,0,12,42,0,
,,,,4,H,0,0,25,0,
,,,,5,I,15,0,45,0,
,,,,6,K,43,0,65,0,
,,,,7,N,90,0,80,0,
RdYlGn,8,div,4.5,1,B,15,80,75,0,
,,,,2,D,3,57,63,0,
,,,,3,F,0,32,55,0,
,,,,4,G,0,12,42,0,
,,,,5,I,15,0,45,0,
,,,,6,J,35,0,60,0,
,,,,7,L,60,0,65,0,
,,,,8,N,90,0,80,0,
RdYlGn,9,div,5,1,B,15,80,75,0,
,,,,2,D,3,57,63,0,
,,,,3,F,0,32,55,0,
,,,,4,G,0,12,42,0,
,,,,5,H,0,0,25,0,
,,,,6,I,15,0,45,0,
,,,,7,J,35,0,60,0,
,,,,8,L,60,0,65,0,
,,,,9,N,90,0,80,0,
RdYlGn,10,div,5.5,1,A,35,100,70,0,
,,,,2,B,15,80,75,0,
,,,,3,D,3,57,63,0,
,,,,4,F,0,32,55,0,
,,,,5,G,0,12,42,0,
,,,,6,I,15,0,45,0,
,,,,7,J,35,0,60,0,
,,,,8,L,60,0,65,0,
,,,,9,N,90,0,80,0,
,,,,10,O,100,25,90,0,
RdYlGn,11,div,6,1,A,35,100,75,0,
,,,,2,B,15,80,75,0,
,,,,3,D,3,57,63,0,
,,,,4,F,0,32,55,0,
,,,,5,G,0,12,42,0,
,,,,6,H,0,0,25,0,
,,,,7,I,15,0,45,0,
,,,,8,J,35,0,60,0,
,,,,9,L,60,0,65,0,
,,,,10,N,90,0,80,0,
,,,,11,O,100,25,90,0,
Set1,3,qual,,1,A,10,90,80,0,Qualitative
,,,,2,B,80,30,0,0,
,,,,3,C,70,0,80,0,
Set1,4,qual,,1,A,10,90,80,0,
,,,,2,B,80,30,0,0,
,,,,3,C,70,0,80,0,
,,,,4,D,40,65,0,0,
Set1,5,qual,,1,A,10,90,80,0,
,,,,2,B,80,30,0,0,
,,,,3,C,70,0,80,0,
,,,,4,D,40,65,0,0,
,,,,5,E,0,50,100,0,
Set1,6,qual,,1,A,10,90,80,0,
,,,,2,B,80,30,0,0,
,,,,3,C,70,0,80,0,
,,,,4,D,40,65,0,0,
,,,,5,E,0,50,100,0,
,,,,6,F,0,0,80,0,
Set1,7,qual,,1,A,10,90,80,0,
,,,,2,B,80,30,0,0,
,,,,3,C,70,0,80,0,
,,,,4,D,40,65,0,0,
,,,,5,E,0,50,100,0,
,,,,6,F,0,0,80,0,
,,,,7,G,35,60,80,0,
Set1,8,qual,,1,A,10,90,80,0,
,,,,2,B,80,30,0,0,
,,,,3,C,70,0,80,0,
,,,,4,D,40,65,0,0,
,,,,5,E,0,50,100,0,
,,,,6,F,0,0,80,0,
,,,,7,G,35,60,80,0,
,,,,8,H,0,50,0,0,
Set1,9,qual,,1,A,10,90,80,0,
,,,,2,B,80,30,0,0,
,,,,3,C,70,0,80,0,
,,,,4,D,40,65,0,0,
,,,,5,E,0,50,100,0,
,,,,6,F,0,0,80,0,
,,,,7,G,35,60,80,0,
,,,,8,H,0,50,0,0,
,,,,9,I,0,0,0,40,
Set2,3,qual,,1,A,60,0,30,0,Qualitative
,,,,2,B,0,45,50,0,
,,,,3,C,45,25,0,0,
Set2,4,qual,,1,A,60,0,30,0,
,,,,2,B,0,45,50,0,
,,,,3,C,45,25,0,0,
,,,,4,D,7,45,0,0,
Set2,5,qual,,1,A,60,0,30,0,
,,,,2,B,0,45,50,0,
,,,,3,C,45,25,0,0,
,,,,4,D,7,45,0,0,
,,,,5,E,35,0,70,0,
Set2,6,qual,,1,A,60,0,30,0,
,,,,2,B,0,45,50,0,
,,,,3,C,45,25,0,0,
,,,,4,D,7,45,0,0,
,,,,5,E,35,0,70,0,
,,,,6,F,0,15,80,0,
Set2,7,qual,,1,A,60,0,30,0,
,,,,2,B,0,45,50,0,
,,,,3,C,45,25,0,0,
,,,,4,D,7,45,0,0,
,,,,5,E,35,0,70,0,
,,,,6,F,0,15,80,0,
,,,,7,G,10,20,35,0,
Set2,8,qual,,1,A,60,0,30,0,
,,,,2,B,0,45,50,0,
,,,,3,C,45,25,0,0,
,,,,4,D,7,45,0,0,
,,,,5,E,35,0,70,0,
,,,,6,F,0,15,80,0,
,,,,7,G,10,20,35,0,
,,,,8,H,0,0,0,30,
Set3,3,qual,,1,A,45,0,15,0,Qualitative
,,,,2,B,0,0,30,0,
,,,,3,C,25,20,0,0,
Set3,4,qual,,1,A,45,0,15,0,
,,,,2,B,0,0,30,0,
,,,,3,C,25,20,0,0,
,,,,4,D,0,50,40,0,
Set3,5,qual,,1,A,45,0,15,0,
,,,,2,B,0,0,30,0,
,,,,3,C,25,20,0,0,
,,,,4,D,0,50,40,0,
,,,,5,E,50,15,0,0,
Set3,6,qual,,1,A,45,0,15,0,
,,,,2,B,0,0,30,0,
,,,,3,C,25,20,0,0,
,,,,4,D,0,50,40,0,
,,,,5,E,50,15,0,0,
,,,,6,F,0,30,55,0,
Set3,7,qual,,1,A,45,0,15,0,
,,,,2,B,0,0,30,0,
,,,,3,C,25,20,0,0,
,,,,4,D,0,50,40,0,
,,,,5,E,50,15,0,0,
,,,,6,F,0,30,55,0,
,,,,7,G,30,0,60,0,
Set3,8,qual,,1,A,45,0,15,0,
,,,,2,B,0,0,30,0,
,,,,3,C,25,20,0,0,
,,,,4,D,0,50,40,0,
,,,,5,E,50,15,0,0,
,,,,6,F,0,30,55,0,
,,,,7,G,30,0,60,0,
,,,,8,H,0,20,0,0,
Set3,9,qual,,1,A,45,0,15,0,
,,,,2,B,0,0,30,0,
,,,,3,C,25,20,0,0,
,,,,4,D,0,50,40,0,
,,,,5,E,50,15,0,0,
,,,,6,F,0,30,55,0,
,,,,7,G,30,0,60,0,
,,,,8,H,0,20,0,0,
,,,,9,I,0,0,0,15,
Set3,10,qual,,1,A,45,0,15,0,
,,,,2,B,0,0,30,0,
,,,,3,C,25,20,0,0,
,,,,4,D,0,50,40,0,
,,,,5,E,50,15,0,0,
,,,,6,F,0,30,55,0,
,,,,7,G,30,0,60,0,
,,,,8,H,0,20,0,0,
,,,,9,I,0,0,0,15,
,,,,10,J,25,45,0,0,
Set3,11,qual,,1,A,45,0,15,0,
,,,,2,B,0,0,30,0,
,,,,3,C,25,20,0,0,
,,,,4,D,0,50,40,0,
,,,,5,E,50,15,0,0,
,,,,6,F,0,30,55,0,
,,,,7,G,30,0,60,0,
,,,,8,H,0,20,0,0,
,,,,9,I,0,0,0,15,
,,,,10,J,25,45,0,0,
,,,,11,K,20,0,20,0,
Set3,12,qual,,1,A,45,0,15,0,
,,,,2,B,0,0,30,0,
,,,,3,C,25,20,0,0,
,,,,4,D,0,50,40,0,
,,,,5,E,50,15,0,0,
,,,,6,F,0,30,55,0,
,,,,7,G,30,0,60,0,
,,,,8,H,0,20,0,0,
,,,,9,I,0,0,0,15,
,,,,10,J,25,45,0,0,
,,,,11,K,20,0,20,0,
,,,,12,L,0,7,55,0,
Spectral,3,div,2,1,E,0,45,55,0,Diverging
,,,,2,H,0,0,25,0,
,,,,3,K,40,0,40,0,
Spectral,4,div,2.5,1,C,15,90,80,0,
,,,,2,F,0,32,55,0,
,,,,3,J,33,0,33,0,
,,,,4,M,85,25,0,0,
Spectral,5,div,3,1,C,15,90,80,0,
,,,,2,F,0,32,55,0,
,,,,3,H,0,0,25,0,
,,,,4,J,33,0,33,0,
,,,,5,M,85,25,0,0,
Spectral,6,div,3.5,1,B,15,75,50,0,
,,,,2,E,0,45,55,0,
,,,,3,G,0,12,42,0,
,,,,4,I,10,0,40,0,
,,,,5,K,40,0,40,0,
,,,,6,N,82,23,0,0,
Spectral,7,div,4,1,B,15,75,50,0,
,,,,2,E,0,45,55,0,
,,,,3,G,0,12,42,0,
,,,,4,H,0,0,25,0,
,,,,5,I,10,0,40,0,
,,,,6,K,40,0,40,0,
,,,,7,N,82,23,0,0,
Spectral,8,div,4.5,1,B,15,75,50,0,
,,,,2,D,3,57,53,0,
,,,,3,F,0,32,55,0,
,,,,4,G,0,12,42,0,
,,,,5,I,10,0,40,0,
,,,,6,J,33,0,33,0,
,,,,7,L,60,0,30,0,
,,,,8,N,82,23,0,0,
Spectral,9,div,5,1,B,15,75,50,0,
,,,,2,D,3,57,63,0,
,,,,3,F,0,32,55,0,
,,,,4,G,0,12,42,0,
,,,,5,H,0,0,25,0,
,,,,6,I,10,0,40,0,
,,,,7,J,33,0,33,0,
,,,,8,L,60,0,30,0,
,,,,9,N,82,23,0,0,
Spectral,10,div,5.5,1,A,0,100,20,35,
,,,,2,B,15,75,50,0,
,,,,3,D,3,57,63,0,
,,,,4,F,0,32,55,0,
,,,,5,G,0,12,42,0,
,,,,6,I,10,0,40,0,
,,,,7,J,33,0,33,0,
,,,,8,L,60,0,30,0,
,,,,9,N,82,23,0,0,
,,,,10,O,65,60,0,0,
Spectral,11,div,6,1,A,0,100,20,35,
,,,,2,B,15,75,50,0,
,,,,3,D,3,57,63,0,
,,,,4,F,0,32,55,0,
,,,,5,G,0,12,42,0,
,,,,6,H,0,0,25,0,
,,,,7,I,10,0,40,0,
,,,,8,J,33,0,33,0,
,,,,9,L,60,0,30,0,
,,,,10,N,82,23,0,0,
,,,,11,O,65,60,0,0,
YlGn,3,seq,,1,C,3,0,27,0,Sequential
,,,,2,F,32,0,43,0,
,,,,3,I,81,0,76,0,
YlGn,4,seq,,1,B,0,0,20,0,
,,,,2,E,24,0,39,0,
,,,,3,G,53,0,53,0,
,,,,4,J,87,10,83,0,
YlGn,5,seq,,1,B,0,0,20,0,
,,,,2,E,24,0,39,0,
,,,,3,G,53,0,53,0,
,,,,4,I,81,0,76,0,
,,,,5,K,100,25,90,0,
YlGn,6,seq,,1,B,0,0,20,0,
,,,,2,D,15,0,35,0,
,,,,3,F,32,0,43,0,
,,,,4,G,53,0,53,0,
,,,,5,I,81,0,76,0,
,,,,6,K,100,25,90,0,
YlGn,7,seq,,1,B,0,0,20,0,
,,,,2,D,15,0,35,0,
,,,,3,F,32,0,43,0,
,,,,4,G,53,0,53,0,
,,,,5,H,75,0,70,0,
,,,,6,J,87,15,83,0,
,,,,7,L,100,35,90,0,
YlGn,8,seq,,1,A,0,0,10,0,
,,,,2,C,3,0,27,0,
,,,,3,D,15,0,35,0,
,,,,4,F,32,0,43,0,
,,,,5,G,53,0,53,0,
,,,,6,H,75,0,70,0,
,,,,7,J,87,15,83,0,
,,,,8,L,100,35,90,0,
YlGn,9,seq,,1,A,0,0,10,0,
,,,,2,C,3,0,27,0,
,,,,3,D,15,0,35,0,
,,,,4,F,32,0,43,0,
,,,,5,G,53,0,53,0,
,,,,6,H,75,0,70,0,
,,,,7,J,87,15,83,0,
,,,,8,K,100,25,90,0,
,,,,9,M,100,50,90,0,
YlGnBu,3,seq,,1,C,7,0,30,0,Sequential
,,,,2,F,50,0,20,0,
,,,,3,I,85,27,0,0,
YlGnBu,4,seq,,1,B,0,0,20,0,
,,,,2,E,37,0,25,0,
,,,,3,G,75,0,10,0,
,,,,4,J,90,45,0,0,
YlGnBu,5,seq,,1,B,0,0,20,0,
,,,,2,E,37,0,25,0,
,,,,3,G,75,0,10,0,
,,,,4,I,85,27,0,0,
,,,,5,K,90,70,0,0,
YlGnBu,6,seq,,1,B,0,0,20,0,
,,,,2,D,22,0,27,0,
,,,,3,F,50,0,20,0,
,,,,4,G,75,0,10,0,
,,,,5,I,85,27,0,0,
,,,,6,K,90,70,0,0,
YlGnBu,7,seq,,1,B,0,0,20,0,
,,,,2,D,22,0,27,0,
,,,,3,F,50,0,20,0,
,,,,4,G,75,0,10,0,
,,,,5,H,90,15,0,0,
,,,,6,J,90,45,0,0,
,,,,7,L,100,70,0,10,
YlGnBu,8,seq,,1,A,0,0,15,0,
,,,,2,C,7,0,30,0,
,,,,3,D,22,0,27,0,
,,,,4,F,50,0,20,0,
,,,,5,G,75,0,10,0,
,,,,6,H,90,15,0,0,
,,,,7,J,90,45,0,0,
,,,,8,L,100,70,0,10,
YlGnBu,9,seq,,1,A,0,0,15,0,
,,,,2,C,7,0,30,0,
,,,,3,D,22,0,27,0,
,,,,4,F,50,0,20,0,
,,,,5,G,75,0,10,0,
,,,,6,H,90,15,0,0,
,,,,7,J,90,45,0,0,
,,,,8,K,90,70,0,0,
,,,,9,M,100,70,0,40,
YlOrBr,3,seq,,1,C,0,3,25,0,Sequential
,,,,2,F,0,23,65,0,
,,,,3,I,15,60,95,0,
YlOrBr,4,seq,,1,B,0,0,17,0,
,,,,2,E,0,15,40,0,
,,,,3,G,0,40,80,0,
,,,,4,J,20,67,100,0,
YlOrBr,5,seq,,1,B,0,0,17,0,
,,,,2,E,0,15,40,0,
,,,,3,G,0,40,80,0,
,,,,4,I,15,60,95,0,
,,,,5,K,40,75,100,0,
YlOrBr,6,seq,,1,B,0,0,17,0,
,,,,2,D,0,11,40,0,
,,,,3,F,0,23,65,0,
,,,,4,G,0,40,80,0,
,,,,5,I,15,60,95,0,
,,,,6,K,40,75,100,0,
YlOrBr,7,seq,,1,B,0,0,17,0,
,,,,2,D,0,11,40,0,
,,,,3,F,0,23,65,0,
,,,,4,G,0,40,80,0,
,,,,5,H,7,55,90,0,
,,,,6,J,20,67,100,0,
,,,,7,L,45,78,100,0,
YlOrBr,8,seq,,1,A,0,0,10,0,
,,,,2,C,0,3,25,0,
,,,,3,D,0,11,40,0,
,,,,4,F,0,23,65,0,
,,,,5,G,0,40,80,0,
,,,,6,H,7,55,90,0,
,,,,7,J,20,67,100,0,
,,,,8,L,45,78,100,0,
YlOrBr,9,seq,,1,A,0,0,10,0,
,,,,2,C,0,3,25,0,
,,,,3,D,0,11,40,0,
,,,,4,F,0,23,65,0,
,,,,5,G,0,40,80,0,
,,,,6,H,7,55,90,0,
,,,,7,J,20,67,100,0,
,,,,8,K,40,75,100,0,
,,,,9,M,60,80,100,0,
YlOrRd,3,seq,,1,C,0,7,35,0,Sequential
,,,,2,F,0,30,65,0,
,,,,3,I,5,77,80,0,
YlOrRd,4,seq,,1,B,0,0,30,0,
,,,,2,E,0,20,60,0,
,,,,3,G,0,45,70,0,
,,,,4,J,10,90,80,0,
YlOrRd,5,seq,,1,B,0,0,30,0,
,,,,2,E,0,20,60,0,
,,,,3,G,0,45,70,0,
,,,,4,I,5,77,80,0,
,,,,5,K,25,100,70,0,
YlOrRd,6,seq,,1,B,0,0,30,0,
,,,,2,D,0,15,50,0,
,,,,3,F,0,30,65,0,
,,,,4,G,0,45,70,0,
,,,,5,I,5,77,80,0,
,,,,6,K,25,100,70,0,
YlOrRd,7,seq,,1,B,0,0,30,0,
,,,,2,D,0,15,50,0,
,,,,3,F,0,30,65,0,
,,,,4,G,0,45,70,0,
,,,,5,H,0,70,75,0,
,,,,6,J,10,90,80,0,
,,,,7,L,30,100,70,0,
YlOrRd,8,seq,,1,A,0,0,20,0,
,,,,2,C,0,7,35,0,
,,,,3,D,0,15,50,0,
,,,,4,F,0,30,65,0,
,,,,5,G,0,45,70,0,
,,,,6,H,0,70,75,0,
,,,,7,J,10,90,80,0,
,,,,8,L,30,100,70,0,
YlOrRd,9,seq,,1,A,0,0,20,0,
,,,,2,C,0,7,35,0,
,,,,3,D,0,15,50,0,
,,,,4,F,0,30,65,0,
,,,,5,G,0,45,70,0,
,,,,6,H,0,70,75,0,
,,,,7,J,10,90,80,0,
,,,,8,K,25,100,70,0,
,,,,9,M,50,100,70,0,
